{
  "flower": "minecraft:obsidian",
  "maxTimeInHive": 2400,
  "hasHoneycomb": true,
  "baseLayerTexture" : "dragon/dragon_bee",
  "traits": [ "ender", "nether", "wither" ],
  "ColorData": {
    "isBeeColored": true,
    "isGlowing": true,
    "modelType": "DRAGON",
    "primaryLayerTexture": "dragon/dragon_bee_primary",
    "secondaryLayerTexture": "dragon/dragon_bee_secondary",
    "emissiveLayerTexture": "dragon/dragon_bee_emissive",
    "primaryColor": "#222222",
    "secondaryColor": "#171717",
    "glowColor": "#E400FF",
    "honeycombColor": "#E400FF"
  },
  "MutationData": {
    "hasMutation": true,
    "mutationInput": "minecraft:stone",
    "mutationOutput": "minecraft:end_stone",
    "mutationType": "BLOCK_TO_BLOCK"
  },
  "CentrifugeData": {
    "hasCentrifugeOutput": true,
    "mainOutput": "minecraft:dragon_egg",
    "bottleOutput": "minecraft:dragon_breath",
    "mainOutputWeight": 0.005,
    "bottleOutputWeight": 0.5
  },
  "SpawnData": {},
  "BreedData": {
    "isBreedable": true,
    "parent1": "Wither",
    "parent2": "Ender",
    "feedItem": "minecraft:end_stone",
    "feedAmount": 12
  },
  "TraitData": {
    "hasTraits": true
  }
}