{
  "flower": "all",
  "hasHoneycomb": false,
  "traits": ["slimy"],
  "maxTimeInHive": 1200,
  "baseLayerTexture": "slime/slime_bee",
  "ColorData": {
    "modelType": "GELATINOUS",
    "gelLayerTexture": "/slime/slime_gel_Layer"
  },
  "MutationData": {
    "hasMutation": true,
    "mutationInput": "minecraft:honey_block",
    "mutationOutput": "minecraft:slime_block",
    "mutationType": "BLOCK_TO_BLOCK",
    "mutationCount": 15
  },
  "BreedData": {
    "isBreedable": true,
    "parent1": "rgbee",
    "parent2": "zombie"
  },
  "TraitData": {
    "hasTraits": true
  }
}